city,freq_mhz,bw_mhz,standard,network,services,snr_db,reports,first_seen,last_seen
Gorinchem,176.64,1.536,DAB,5B Z-H/Zeeland,,11.2,1,2026-10-09,2026-10-09
Gorinchem,181.936,1.536,DAB,6A Dordrecht,,30.0,1,2026-10-09,2026-10-09
Gorinchem,185.36,1.536,DAB,6A Dordrecht,,6.9,1,2026-10-09,2026-10-09
Gorinchem,192.352,1.536,DAB,7C Brab / Limb,,9.5,1,2026-10-09,2026-10-09
Gorinchem,194.064,1.536,DAB,MTVNL,,10.7,1,2026-10-09,2026-10-09
Gorinchem,195.936,1.536,DAB,MTVNL,,6.9,1,2026-10-09,2026-10-09
Gorinchem,206.352,1.536,DAB,9C,,15.7,1,2026-10-09,2026-10-09
Gorinchem,218.64,1.536,DAB,11B,,8.0,1,2026-10-09,2026-10-09
Gorinchem,220.352,1.536,DAB,DAB+,,11.1,1,2026-10-09,2026-10-09
Gorinchem,225.648,1.536,DAB,12B UTR / GLD,,15.4,1,2026-10-09,2026-10-09
Gorinchem,227.36,1.536,DAB,NPO,,14.0,1,2026-10-09,2026-10-09
Gorinchem,229.072,1.536,DAB,RANDSTAD-ZW,,7.2,1,2026-10-09,2026-10-09
