name,admin1,lat,lon,population
Akanda,,0.60732,9.32933,41524
Bitam,,2.07597,11.50065,33561
Franceville,,-1.63333,13.58357,132895
Koulamoutou,,-1.13667,12.46399,30830
Lambaréné,,-0.7001,10.24055,46605
Libreville,,0.39241,9.45356,846090
Makokou,,0.57381,12.86419,24823
Moanda,,-1.56652,13.1987,71099
Mouila,,-1.86846,11.05594,43342
Ntoum,,0.39051,9.76096,62445
Owendo,,0.29123,9.50465,95313
Oyam,,-0.2,10.68333,30100
Oyem,,1.5995,11.57933,72939
Port-Gentil,,-0.71933,8.78151,164018
Tchibanga,,-2.93323,10.98178,36108
